<?xml version="1.0" encoding="UTF-8"?>
<!-- useable flags are
	1: Network Scan
	2: use BAT
	4: use ONIT
	8: skip NITs of known networks
	and combinations of this.
-->
<!-- transponder parameters:
	modulation: 7 = 8_VSB, 8 = 16_VSB, 3 = 64-QAM, 5 = 256-QAM
-->
<locations>
	<atsc name="ATSC Terrestrial TV - 8VSB" flags="1">
		<transponder frequency="57000000" modulation="6"/>
		<transponder frequency="63000000" modulation="6"/>
		<transponder frequency="69000000" modulation="6"/>
		<transponder frequency="79000000" modulation="6"/>
		<transponder frequency="85000000" modulation="6"/>
		<transponder frequency="177000000" modulation="6"/>
		<transponder frequency="183000000" modulation="6"/>
		<transponder frequency="189000000" modulation="6"/>
		<transponder frequency="195000000" modulation="6"/>
		<transponder frequency="201000000" modulation="6"/>
		<transponder frequency="207000000" modulation="6"/>
		<transponder frequency="213000000" modulation="6"/>
		<transponder frequency="473000000" modulation="6"/>
		<transponder frequency="479000000" modulation="6"/>
		<transponder frequency="485000000" modulation="6"/>
		<transponder frequency="491000000" modulation="6"/>
		<transponder frequency="497000000" modulation="6"/>
		<transponder frequency="503000000" modulation="6"/>
		<transponder frequency="509000000" modulation="6"/>
		<transponder frequency="515000000" modulation="6"/>
		<transponder frequency="521000000" modulation="6"/>
		<transponder frequency="527000000" modulation="6"/>
		<transponder frequency="533000000" modulation="6"/>
		<transponder frequency="539000000" modulation="6"/>
		<transponder frequency="545000000" modulation="6"/>
		<transponder frequency="551000000" modulation="6"/>
		<transponder frequency="557000000" modulation="6"/>
		<transponder frequency="563000000" modulation="6"/>
		<transponder frequency="569000000" modulation="6"/>
		<transponder frequency="575000000" modulation="6"/>
		<transponder frequency="581000000" modulation="6"/>
		<transponder frequency="587000000" modulation="6"/>
		<transponder frequency="593000000" modulation="6"/>
		<transponder frequency="599000000" modulation="6"/>
		<transponder frequency="605000000" modulation="6"/>
		<transponder frequency="611000000" modulation="6"/>
		<transponder frequency="617000000" modulation="6"/>
		<transponder frequency="623000000" modulation="6"/>
		<transponder frequency="629000000" modulation="6"/>
		<transponder frequency="635000000" modulation="6"/>
		<transponder frequency="641000000" modulation="6"/>
		<transponder frequency="647000000" modulation="6"/>
		<transponder frequency="653000000" modulation="6"/>
		<transponder frequency="659000000" modulation="6"/>
		<transponder frequency="665000000" modulation="6"/>
		<transponder frequency="671000000" modulation="6"/>
		<transponder frequency="677000000" modulation="6"/>
		<transponder frequency="683000000" modulation="6"/>
		<transponder frequency="689000000" modulation="6"/>
		<transponder frequency="695000000" modulation="6"/>
		<transponder frequency="701000000" modulation="6"/>
		<transponder frequency="707000000" modulation="6"/>
		<transponder frequency="713000000" modulation="6"/>
		<transponder frequency="719000000" modulation="6"/>
		<transponder frequency="725000000" modulation="6"/>
		<transponder frequency="731000000" modulation="6"/>
		<transponder frequency="737000000" modulation="6"/>
		<transponder frequency="743000000" modulation="6"/>
		<transponder frequency="749000000" modulation="6"/>
		<transponder frequency="755000000" modulation="6"/>
		<transponder frequency="761000000" modulation="6"/>
		<transponder frequency="767000000" modulation="6"/>
		<transponder frequency="773000000" modulation="6"/>
		<transponder frequency="779000000" modulation="6"/>
		<transponder frequency="785000000" modulation="6"/>
		<transponder frequency="791000000" modulation="6"/>
		<transponder frequency="797000000" modulation="6"/>
		<transponder frequency="803000000" modulation="6"/>
	</atsc>
	<atsc name="ATSC Atlant,Ga. 8VSB" flags="1">
		<transponder frequency="177000000" modulation="6"/>
		<transponder frequency="183000000" modulation="6"/>
		<transponder frequency="189000000" modulation="6"/>
		<transponder frequency="195000000" modulation="6"/>
		<transponder frequency="207000000" modulation="6"/>
		<transponder frequency="473000000" modulation="6"/>
		<transponder frequency="503000000" modulation="6"/>
		<transponder frequency="509000000" modulation="6"/>
		<transponder frequency="515000000" modulation="6"/>
		<transponder frequency="539000000" modulation="6"/>
		<transponder frequency="551000000" modulation="6"/>
		<transponder frequency="563000000" modulation="6"/>
		<transponder frequency="569000000" modulation="6"/>
		<transponder frequency="575000000" modulation="6"/>
		<transponder frequency="587000000" modulation="6"/>
		<transponder frequency="599000000" modulation="6"/>
		<transponder frequency="617000000" modulation="6"/>
		<transponder frequency="623000000" modulation="6"/>
		<transponder frequency="635000000" modulation="6"/>
		<transponder frequency="641000000" modulation="6"/>
		<transponder frequency="647000000" modulation="6"/>
		<transponder frequency="653000000" modulation="6"/>
		<transponder frequency="659000000" modulation="6"/>
		<transponder frequency="677000000" modulation="6"/>
		<transponder frequency="803000000" modulation="6"/>
	</atsc>
	<atsc name="ATSC Cable TV - 256-QAM" flags="1">
		<transponder frequency="57000000" modulation="5"/>
		<transponder frequency="63000000" modulation="5"/>
		<transponder frequency="69000000" modulation="5"/>
		<transponder frequency="79000000" modulation="5"/>
		<transponder frequency="85000000" modulation="5"/>
		<transponder frequency="93000000" modulation="5"/>
		<transponder frequency="99000000" modulation="5"/>
		<transponder frequency="105000000" modulation="5"/>
		<transponder frequency="111000000" modulation="5"/>
		<transponder frequency="111012000" modulation="5"/>
		<transponder frequency="117000000" modulation="5"/>
		<transponder frequency="117012000" modulation="5"/>
		<transponder frequency="123000000" modulation="5"/>
		<transponder frequency="123012000" modulation="5"/>
		<transponder frequency="129000000" modulation="5"/>
		<transponder frequency="129012000" modulation="5"/>
		<transponder frequency="135000000" modulation="5"/>
		<transponder frequency="135012000" modulation="5"/>
		<transponder frequency="141000000" modulation="5"/>
		<transponder frequency="147000000" modulation="5"/>
		<transponder frequency="153000000" modulation="5"/>
		<transponder frequency="159000000" modulation="5"/>
		<transponder frequency="165000000" modulation="5"/>
		<transponder frequency="171000000" modulation="5"/>
		<transponder frequency="177000000" modulation="5"/>
		<transponder frequency="183000000" modulation="5"/>
		<transponder frequency="189000000" modulation="5"/>
		<transponder frequency="195000000" modulation="5"/>
		<transponder frequency="201000000" modulation="5"/>
		<transponder frequency="207000000" modulation="5"/>
		<transponder frequency="213000000" modulation="5"/>
		<transponder frequency="219000000" modulation="5"/>
		<transponder frequency="225000000" modulation="5"/>
		<transponder frequency="231000000" modulation="5"/>
		<transponder frequency="231012000" modulation="5"/>
		<transponder frequency="237000000" modulation="5"/>
		<transponder frequency="237012000" modulation="5"/>
		<transponder frequency="243000000" modulation="5"/>
		<transponder frequency="243012000" modulation="5"/>
		<transponder frequency="249000000" modulation="5"/>
		<transponder frequency="249012000" modulation="5"/>
		<transponder frequency="255000000" modulation="5"/>
		<transponder frequency="255012000" modulation="5"/>
		<transponder frequency="261000000" modulation="5"/>
		<transponder frequency="261012000" modulation="5"/>
		<transponder frequency="267000000" modulation="5"/>
		<transponder frequency="267012000" modulation="5"/>
		<transponder frequency="273000000" modulation="5"/>
		<transponder frequency="273012000" modulation="5"/>
		<transponder frequency="279000000" modulation="5"/>
		<transponder frequency="279012000" modulation="5"/>
		<transponder frequency="285000000" modulation="5"/>
		<transponder frequency="285012000" modulation="5"/>
		<transponder frequency="291000000" modulation="5"/>
		<transponder frequency="291012000" modulation="5"/>
		<transponder frequency="297000000" modulation="5"/>
		<transponder frequency="297012000" modulation="5"/>
		<transponder frequency="303000000" modulation="5"/>
		<transponder frequency="303012000" modulation="5"/>
		<transponder frequency="309000000" modulation="5"/>
		<transponder frequency="309012000" modulation="5"/>
		<transponder frequency="315000000" modulation="5"/>
		<transponder frequency="315012000" modulation="5"/>
		<transponder frequency="321000000" modulation="5"/>
		<transponder frequency="321012000" modulation="5"/>
		<transponder frequency="327000000" modulation="5"/>
		<transponder frequency="327012000" modulation="5"/>
		<transponder frequency="333000000" modulation="5"/>
		<transponder frequency="333012000" modulation="5"/>
		<transponder frequency="339000000" modulation="5"/>
		<transponder frequency="339012000" modulation="5"/>
		<transponder frequency="345000000" modulation="5"/>
		<transponder frequency="345012000" modulation="5"/>
		<transponder frequency="351000000" modulation="5"/>
		<transponder frequency="351012000" modulation="5"/>
		<transponder frequency="357000000" modulation="5"/>
		<transponder frequency="357012000" modulation="5"/>
		<transponder frequency="363000000" modulation="5"/>
		<transponder frequency="363012000" modulation="5"/>
		<transponder frequency="369000000" modulation="5"/>
		<transponder frequency="369012000" modulation="5"/>
		<transponder frequency="375000000" modulation="5"/>
		<transponder frequency="375012000" modulation="5"/>
		<transponder frequency="381000000" modulation="5"/>
		<transponder frequency="381012000" modulation="5"/>
		<transponder frequency="387000000" modulation="5"/>
		<transponder frequency="387012000" modulation="5"/>
		<transponder frequency="393000000" modulation="5"/>
		<transponder frequency="393012000" modulation="5"/>
		<transponder frequency="399000000" modulation="5"/>
		<transponder frequency="399012000" modulation="5"/>
		<transponder frequency="405000000" modulation="5"/>
		<transponder frequency="411000000" modulation="5"/>
		<transponder frequency="417000000" modulation="5"/>
		<transponder frequency="423000000" modulation="5"/>
		<transponder frequency="429000000" modulation="5"/>
		<transponder frequency="435000000" modulation="5"/>
		<transponder frequency="441000000" modulation="5"/>
		<transponder frequency="447000000" modulation="5"/>
		<transponder frequency="453000000" modulation="5"/>
		<transponder frequency="459000000" modulation="5"/>
		<transponder frequency="465000000" modulation="5"/>
		<transponder frequency="471000000" modulation="5"/>
		<transponder frequency="477000000" modulation="5"/>
		<transponder frequency="483000000" modulation="5"/>
		<transponder frequency="489000000" modulation="5"/>
		<transponder frequency="495000000" modulation="5"/>
		<transponder frequency="501000000" modulation="5"/>
		<transponder frequency="507000000" modulation="5"/>
		<transponder frequency="513000000" modulation="5"/>
		<transponder frequency="519000000" modulation="5"/>
		<transponder frequency="525000000" modulation="5"/>
		<transponder frequency="531000000" modulation="5"/>
		<transponder frequency="537000000" modulation="5"/>
		<transponder frequency="543000000" modulation="5"/>
		<transponder frequency="549000000" modulation="5"/>
		<transponder frequency="555000000" modulation="5"/>
		<transponder frequency="561000000" modulation="5"/>
		<transponder frequency="567000000" modulation="5"/>
		<transponder frequency="573000000" modulation="5"/>
		<transponder frequency="579000000" modulation="5"/>
		<transponder frequency="585000000" modulation="5"/>
		<transponder frequency="591000000" modulation="5"/>
		<transponder frequency="597000000" modulation="5"/>
		<transponder frequency="603000000" modulation="5"/>
		<transponder frequency="609000000" modulation="5"/>
		<transponder frequency="615000000" modulation="5"/>
		<transponder frequency="621000000" modulation="5"/>
		<transponder frequency="627000000" modulation="5"/>
		<transponder frequency="633000000" modulation="5"/>
		<transponder frequency="639000000" modulation="5"/>
		<transponder frequency="645000000" modulation="5"/>
		<transponder frequency="651000000" modulation="5"/>
		<transponder frequency="657000000" modulation="5"/>
		<transponder frequency="663000000" modulation="5"/>
		<transponder frequency="669000000" modulation="5"/>
		<transponder frequency="675000000" modulation="5"/>
		<transponder frequency="681000000" modulation="5"/>
		<transponder frequency="687000000" modulation="5"/>
		<transponder frequency="693000000" modulation="5"/>
		<transponder frequency="699000000" modulation="5"/>
		<transponder frequency="705000000" modulation="5"/>
		<transponder frequency="711000000" modulation="5"/>
		<transponder frequency="717000000" modulation="5"/>
		<transponder frequency="723000000" modulation="5"/>
		<transponder frequency="729000000" modulation="5"/>
		<transponder frequency="735000000" modulation="5"/>
		<transponder frequency="741000000" modulation="5"/>
		<transponder frequency="747000000" modulation="5"/>
		<transponder frequency="753000000" modulation="5"/>
		<transponder frequency="759000000" modulation="5"/>
		<transponder frequency="765000000" modulation="5"/>
		<transponder frequency="771000000" modulation="5"/>
		<transponder frequency="777000000" modulation="5"/>
		<transponder frequency="783000000" modulation="5"/>
		<transponder frequency="789000000" modulation="5"/>
		<transponder frequency="795000000" modulation="5"/>
		<transponder frequency="801000000" modulation="5"/>
		<transponder frequency="807000000" modulation="5"/>
		<transponder frequency="813000000" modulation="5"/>
		<transponder frequency="819000000" modulation="5"/>
		<transponder frequency="825000000" modulation="5"/>
		<transponder frequency="831000000" modulation="5"/>
		<transponder frequency="837000000" modulation="5"/>
		<transponder frequency="843000000" modulation="5"/>
		<transponder frequency="849000000" modulation="5"/>
	</atsc>
</locations>
